{"cameraMode":{"drawMode":0,"name":"Shaded","section":"Shading Mode"},"sceneLighting":true,"audioPlay":false,"sceneViewState":{"showFog":true,"showMaterialUpdate":true,"showSkybox":false,"showFlares":true,"showImageEffects":true,"showParticleSystems":true},"in2DMode":false,"pivot":{"x":-0.13481082022190095,"y":-0.7179814577102661,"z":3.5775442123413088},"rotation":{"x":-0.09539001435041428,"y":0.0327664390206337,"z":0.0018389932811260224,"w":-0.9952512383460999},"size":2.1186535358428957,"orthographic":false}