{"cameraMode":{"drawMode":0,"name":"Shaded","section":"Shading Mode"},"sceneLighting":false,"audioPlay":false,"sceneViewState":{"showFog":true,"showMaterialUpdate":true,"showSkybox":false,"showFlares":true,"showImageEffects":true,"showParticleSystems":true},"in2DMode":false,"pivot":{"x":0.1889946460723877,"y":0.6413912773132324,"z":0.3234102725982666},"rotation":{"x":0.26731419563293459,"y":-0.3294641077518463,"z":-0.09378326684236527,"w":-0.9010206460952759},"size":3.292654275894165,"orthographic":false}