{"cameraMode":{"drawMode":0,"name":"Shaded","section":"Shading Mode"},"sceneLighting":true,"audioPlay":false,"sceneViewState":{"showFog":true,"showMaterialUpdate":true,"showSkybox":true,"showFlares":true,"showImageEffects":true,"showParticleSystems":true},"in2DMode":false,"pivot":{"x":-8.078845977783204,"y":6.585077285766602,"z":16.954605102539064},"rotation":{"x":0.1401791125535965,"y":0.14526976644992829,"z":0.020792486146092416,"w":-0.979198694229126},"size":11.200000762939454,"orthographic":false}