{"cameraMode":{"drawMode":0,"name":"Shaded","section":"Shading Mode"},"sceneLighting":false,"audioPlay":false,"sceneViewState":{"m_AlwaysRefresh":false,"showFog":true,"showSkybox":false,"showFlares":true,"showImageEffects":true,"showParticleSystems":true,"showVisualEffectGraphs":true,"m_FxEnabled":true},"in2DMode":false,"pivot":{"x":-0.00003993511199951172,"y":1.836313009262085,"z":0.12965035438537599},"rotation":{"x":0.15771938860416413,"y":-0.7541329860687256,"z":0.19612298905849458,"w":0.6066511869430542},"size":2.7563185691833498,"orthographic":false}