{"cameraMode":{"drawMode":0,"name":"Shaded","section":"Shading Mode"},"sceneLighting":false,"audioPlay":false,"sceneViewState":{"m_AlwaysRefresh":false,"showFog":true,"showSkybox":false,"showFlares":true,"showImageEffects":true,"showParticleSystems":true,"showVisualEffectGraphs":true,"m_FxEnabled":true},"in2DMode":false,"pivot":{"x":-0.00003993511199951172,"y":1.836313009262085,"z":0.12965035438537599},"rotation":{"x":0.23745542764663697,"y":-0.6300984621047974,"z":0.2112206071615219,"w":0.7085611820220947},"size":6.946588039398193,"orthographic":false}