{"cameraMode":{"drawMode":0,"name":"Shaded","section":"Shading Mode"},"sceneLighting":true,"audioPlay":false,"sceneViewState":{"m_AlwaysRefresh":false,"showFog":true,"showSkybox":true,"showFlares":true,"showImageEffects":true,"showParticleSystems":true,"showVisualEffectGraphs":true,"m_FxEnabled":true},"in2DMode":false,"pivot":{"x":115.2003402709961,"y":-147.97857666015626,"z":302.2252197265625},"rotation":{"x":-0.21151044964790345,"y":-0.18035094439983369,"z":0.039756014943122867,"w":-0.9598278403282166},"size":184.3423309326172,"orthographic":false}