{"cameraMode":{"drawMode":0,"name":"Shaded","section":"Shading Mode"},"sceneLighting":true,"audioPlay":false,"sceneViewState":{"m_AlwaysRefresh":false,"showFog":true,"showSkybox":true,"showFlares":true,"showImageEffects":true,"showParticleSystems":true,"showVisualEffectGraphs":true,"m_FxEnabled":true},"in2DMode":false,"pivot":{"x":-160.7463836669922,"y":13.405224800109864,"z":11.979339599609375},"rotation":{"x":0.012097427621483803,"y":-0.7051366567611694,"z":-0.012092902325093747,"w":-0.7091001868247986},"size":9.666714668273926,"orthographic":false}