{"cameraMode":{"drawMode":0,"name":"Shaded","section":"Shading Mode"},"sceneLighting":true,"audioPlay":false,"sceneViewState":{"m_AlwaysRefresh":false,"showFog":true,"showSkybox":true,"showFlares":true,"showImageEffects":true,"showParticleSystems":true,"showVisualEffectGraphs":true,"m_FxEnabled":true},"in2DMode":false,"pivot":{"x":-24.456130981445314,"y":8.934057235717774,"z":-8.134018898010254},"rotation":{"x":-0.0025880238972604276,"y":0.7352256178855896,"z":-0.0029161579441279175,"w":-0.6779590845108032},"size":20.90460777282715,"orthographic":false}